{
  "config": {
    "data_root": "/Users/nikitamasch/Downloads/merged/texture_data_final",
    "out": "ThesisRUNSFinal/04_large_baseline",
    "device": "mps",
    "epochs": 10,
    "batch_size": 32,
    "lr": 0.001,
    "weight_decay": 0.01,
    "num_workers": 6,
    "seed": 42,
    "aug": false,
    "balanced_sampling": false
  },
  "classes": [
    "asphalt",
    "cobblestone",
    "gravel",
    "sand"
  ],
  "model": "mobilenet_v3_large",
  "epochs": [
    {
      "epoch": 1,
      "train_loss": 0.18371019416862824,
      "val": {
        "precision_macro": 0.9356886052966301,
        "recall_macro": 0.8876793767157238,
        "f1_macro": 0.9084950996893073,
        "per_class_precision": [
          0.9637205467288238,
          0.9593679458239278,
          0.947588177123393,
          0.8720777515103756
        ],
        "per_class_recall": [
          0.9891608619230519,
          0.8126195028680688,
          0.8109073812881994,
          0.938029760783575
        ],
        "per_class_f1": [
          0.9762749979921291,
          0.8799171842650103,
          0.8739359546007296,
          0.9038522618993602
        ],
        "confusion_matrix": [
          [
            30389,
            18,
            119,
            196
          ],
          [
            98,
            425,
            0,
            0
          ],
          [
            746,
            0,
            8624,
            1265
          ],
          [
            300,
            0,
            358,
            9960
          ]
        ],
        "true_hist": [
          30722,
          523,
          10635,
          10618
        ],
        "pred_hist": [
          31533,
          443,
          9101,
          11421
        ],
        "num_samples": 52498
      },
      "lr": 0.0009755282581475768,
      "time_s": 2788.767840862274
    },
    {
      "epoch": 2,
      "train_loss": 0.13591330388715733,
      "val": {
        "precision_macro": 0.9501057096951482,
        "recall_macro": 0.9399183837512768,
        "f1_macro": 0.9448615788449801,
        "per_class_precision": [
          0.9698398038154081,
          1.0,
          0.8988981248791803,
          0.9316849100860047
        ],
        "per_class_recall": [
          0.9912115096673394,
          0.9961759082217974,
          0.8744710860366713,
          0.8978150310792993
        ],
        "per_class_f1": [
          0.9804092013972731,
          0.9980842911877394,
          0.8865163719555789,
          0.9144364508393286
        ],
        "confusion_matrix": [
          [
            30452,
            0,
            185,
            85
          ],
          [
            2,
            521,
            0,
            0
          ],
          [
            721,
            0,
            9300,
            614
          ],
          [
            224,
            0,
            861,
            9533
          ]
        ],
        "true_hist": [
          30722,
          523,
          10635,
          10618
        ],
        "pred_hist": [
          31399,
          521,
          10346,
          10232
        ],
        "num_samples": 52498
      },
      "lr": 0.0009045084971874736,
      "time_s": 1387.3194370269775
    },
    {
      "epoch": 3,
      "train_loss": 0.11550434207289612,
      "val": {
        "precision_macro": 0.951136235594011,
        "recall_macro": 0.9380903206504331,
        "f1_macro": 0.9425207583877563,
        "per_class_precision": [
          0.9727667454185557,
          1.0,
          0.8613013698630136,
          0.9704768270944741
        ],
        "per_class_recall": [
          0.9917648590586551,
          0.994263862332696,
          0.9459332393041843,
          0.820399321906197
        ],
        "per_class_f1": [
          0.9821739410740764,
          0.99712368168744,
          0.9016356710732691,
          0.8891497397162397
        ],
        "confusion_matrix": [
          [
            30469,
            0,
            213,
            40
          ],
          [
            3,
            520,
            0,
            0
          ],
          [
            350,
            0,
            10060,
            225
          ],
          [
            500,
            0,
            1407,
            8711
          ]
        ],
        "true_hist": [
          30722,
          523,
          10635,
          10618
        ],
        "pred_hist": [
          31322,
          520,
          11680,
          8976
        ],
        "num_samples": 52498
      },
      "lr": 0.0007938926261462366,
      "time_s": 1355.6126599311829
    },
    {
      "epoch": 4,
      "train_loss": 0.09996147870985381,
      "val": {
        "precision_macro": 0.962852869705516,
        "recall_macro": 0.9583623722718617,
        "f1_macro": 0.9605791045766997,
        "per_class_precision": [
          0.9839245940798605,
          1.0,
          0.931920606002493,
          0.9355662787397104
        ],
        "per_class_recall": [
          0.9921554586289955,
          0.9961759082217974,
          0.9138692994828397,
          0.9312488227538143
        ],
        "per_class_f1": [
          0.988022884556166,
          0.9980842911877394,
          0.9228066843904291,
          0.9334025581724642
        ],
        "confusion_matrix": [
          [
            30481,
            0,
            175,
            66
          ],
          [
            2,
            521,
            0,
            0
          ],
          [
            301,
            0,
            9719,
            615
          ],
          [
            195,
            0,
            535,
            9888
          ]
        ],
        "true_hist": [
          30722,
          523,
          10635,
          10618
        ],
        "pred_hist": [
          30979,
          521,
          10429,
          10569
        ],
        "num_samples": 52498
      },
      "lr": 0.0006545084971874737,
      "time_s": 1357.8295381069183
    },
    {
      "epoch": 5,
      "train_loss": 0.08852392687794183,
      "val": {
        "precision_macro": 0.964309995748775,
        "recall_macro": 0.9603025929544712,
        "f1_macro": 0.9619542562457082,
        "per_class_precision": [
          0.987349144206814,
          1.0,
          0.9548917401764234,
          0.9149990986118622
        ],
        "per_class_recall": [
          0.9932947073758219,
          0.9961759082217974,
          0.8957216737188528,
          0.9560180825014127
        ],
        "per_class_f1": [
          0.9903130019958136,
          0.9980842911877394,
          0.9243607782252196,
          0.9350589535740604
        ],
        "confusion_matrix": [
          [
            30516,
            0,
            124,
            82
          ],
          [
            2,
            521,
            0,
            0
          ],
          [
            248,
            0,
            9526,
            861
          ],
          [
            141,
            0,
            326,
            10151
          ]
        ],
        "true_hist": [
          30722,
          523,
          10635,
          10618
        ],
        "pred_hist": [
          30907,
          521,
          9976,
          11094
        ],
        "num_samples": 52498
      },
      "lr": 0.0005,
      "time_s": 1357.7895030975342
    },
    {
      "epoch": 6,
      "train_loss": 0.07603378417717527,
      "val": {
        "precision_macro": 0.9665914762249985,
        "recall_macro": 0.9629521225801897,
        "f1_macro": 0.9647423316581575,
        "per_class_precision": [
          0.9877213390202921,
          0.9980842911877394,
          0.9413233458177278,
          0.9392369288742346
        ],
        "per_class_recall": [
          0.994987305513964,
          0.9961759082217974,
          0.9216737188528444,
          0.9389715577321529
        ],