{
  "config": {
    "data_root": "/Users/nikitamasch/Downloads/merged/texture_data_final",
    "out": "/Users/nikitamasch/Downloads/merged/thesisModels/ThesisRUNSFinal/01_baseline",
    "device": "mps",
    "epochs": 10,
    "batch_size": 32,
    "lr": 0.001,
    "weight_decay": 0.01,
    "num_workers": 6,
    "seed": 42,
    "aug": false,
    "balanced_sampling": false
  },
  "classes": [
    "asphalt",
    "cobblestone",
    "gravel",
    "sand"
  ],
  "epochs": [
    {
      "epoch": 1,
      "train_loss": 0.19569061667473459,
      "val": {
        "precision_macro": 0.9300349549813026,
        "recall_macro": 0.9074213906007658,
        "f1_macro": 0.9156139520198725,
        "per_class_precision": [
          0.9377074608344966,
          1.0,
          0.9142043431826272,
          0.8682280159080866
        ],
        "per_class_recall": [
          0.9838877677234555,
          0.9961759082217974,
          0.7244005641748942,
          0.9252213222829158
        ],
        "per_class_f1": [
          0.9602427053385644,
          0.9980842911877394,
          0.8083097261567517,
          0.8958190853964346
        ],
        "confusion_matrix": [
          [
            30227,
            0,
            214,
            281
          ],
          [
            2,
            521,
            0,
            0
          ],
          [
            1721,
            0,
            7704,
            1210
          ],
          [
            285,
            0,
            509,
            9824
          ]
        ],
        "true_hist": [
          30722,
          523,
          10635,
          10618
        ],
        "pred_hist": [
          32235,
          521,
          8427,
          11315
        ],
        "num_samples": 52498
      },
      "lr": 0.0009755282581475768,
      "time_s": 670.0027842521667
    },
    {
      "epoch": 2,
      "train_loss": 0.15030486461644296,
      "val": {
        "precision_macro": 0.9452021325411157,
        "recall_macro": 0.941173235469074,
        "f1_macro": 0.9429910799187622,
        "per_class_precision": [
          0.9696863556758478,
          0.9738317757009346,
          0.9159713360164916,
          0.9213190627711889
        ],
        "per_class_recall": [
          0.9912440596315344,
          0.9961759082217974,
          0.8773859896567936,
          0.8998869843661707
        ],
        "per_class_f1": [
          0.9803467091602684,
          0.9848771266540642,
          0.896263567380655,
          0.910476916480061
        ],
        "confusion_matrix": [
          [
            30453,
            14,
            157,
            98
          ],
          [
            2,
            521,
            0,
            0
          ],
          [
            586,
            0,
            9331,
            718
          ],
          [
            364,
            0,
            699,
            9555
          ]
        ],
        "true_hist": [
          30722,
          523,
          10635,
          10618
        ],
        "pred_hist": [
          31405,
          535,
          10187,
          10371
        ],
        "num_samples": 52498
      },
      "lr": 0.0009045084971874736,
      "time_s": 668.2367649078369
    },
    {
      "epoch": 3,
      "train_loss": 0.13251823905791338,
      "val": {
        "precision_macro": 0.9478300782414154,
        "recall_macro": 0.9414197178738262,
        "f1_macro": 0.9441478680725223,
        "per_class_precision": [
          0.9779035733813644,
          0.9980842911877394,
          0.8748647673999279,
          0.9404676809966303
        ],
        "per_class_recall": [
          0.9896491113859774,
          0.9961759082217974,
          0.9124588622472967,
          0.8673949896402335
        ],
        "per_class_f1": [
          0.9837412841958811,
          0.9971291866028709,
          0.8932664426750127,
          0.9024545588163245
        ],
        "confusion_matrix": [
          [
            30404,
            0,
            185,
            133
          ],
          [
            2,
            521,
            0,
            0
          ],
          [
            481,
            0,
            9704,
            450
          ],
          [
            204,
            1,
            1203,
            9210
          ]
        ],
        "true_hist": [
          30722,
          523,
          10635,
          10618
        ],
        "pred_hist": [
          31091,
          522,
          11092,
          9793
        ],
        "num_samples": 52498
      },
      "lr": 0.0007938926261462366,
      "time_s": 665.82941198349
    },
    {
      "epoch": 4,
      "train_loss": 0.1189401604153866,
      "val": {
        "precision_macro": 0.9567792444713741,
        "recall_macro": 0.9515150128430043,
        "f1_macro": 0.9541117645885978,
        "per_class_precision": [
          0.9818943298969072,
          1.0,
          0.9188878235858101,
          0.9263348244027791
        ],
        "per_class_recall": [
          0.9920578087364104,
          0.9961759082217974,
          0.9011753643629525,
          0.916650970050857
        ],
        "per_class_f1": [
          0.9869499044720055,
          0.9980842911877394,
          0.9099454070733444,
          0.9214674556213017
        ],
        "confusion_matrix": [
          [
            30478,
            0,
            168,
            76
          ],
          [
            2,
            521,
            0,
            0
          ],
          [
            353,
            0,
            9584,
            698
          ],
          [
            207,
            0,
            678,
            9733
          ]
        ],
        "true_hist": [
          30722,
          523,
          10635,
          10618
        ],
        "pred_hist": [
          31040,
          521,
          10430,
          10507
        ],
        "num_samples": 52498
      },
      "lr": 0.0006545084971874737,
      "time_s": 661.4858961105347
    },
    {
      "epoch": 5,
      "train_loss": 0.1054398710666566,
      "val": {
        "precision_macro": 0.9573251615967289,
        "recall_macro": 0.948003825538436,
        "f1_macro": 0.9523179128971707,
        "per_class_precision": [
          0.9750829504849413,
          0.9980842911877394,
          0.9392343528458578,
          0.9168990518683771
        ],
        "per_class_recall": [
          0.9948245556929888,
          0.9961759082217974,
          0.8720263281617301,
          0.9289885100772274
        ],
        "per_class_f1": [
          0.9848548319530822,
          0.9971291866028709,
          0.9043834414159637,
          0.9229041916167665
        ],
        "confusion_matrix": [
          [
            30563,
            1,
            95,
            63
          ],
          [
            2,
            521,
            0,
            0
          ],
          [
            530,
            0,
            9274,
            831
          ],
          [
            249,
            0,
            505,
            9864
          ]
        ],
        "true_hist": [
          30722,
          523,
          10635,
          10618
        ],
        "pred_hist": [
          31344,
          522,
          9874,
          10758
        ],
        "num_samples": 52498
      },
      "lr": 0.0005,
      "time_s": 653.2447712421417
    },
    {
      "epoch": 6,
      "train_loss": 0.09235480880254676,
      "val": {
        "precision_macro": 0.9565143268210594,
        "recall_macro": 0.9494418680674153,
        "f1_macro": 0.9518738671170608,
        "per_class_precision": [
          0.9822628586197985,
          1.0,
          0.9569790680551172,
          0.8868153806093221
        ],
        "per_class_recall": [
          0.9896165614217824,
          0.9904397705544933,
          0.8554771979313587,
          0.9622339423620268
        ],