{
  "clean": {
    "condition": "clean",
    "total_images": 495,
    "mAP50": 0.85301113260928,
    "mAP50_95": 0.6939062530244896,
    "precision": 0.9434889434889435,
    "recall": 0.7314285714285714,
    "f1": 0.8240343298440983
  },
  "rot_45": {
    "condition": "rot_45",
    "total_images": 480,
    "mAP50": 0.0,
    "mAP50_95": 0.0,
    "precision": 0.0,
    "recall": 0.0,
    "f1": 0.0
  },
  "rot_90": {
    "condition": "rot_90",
    "total_images": 480,
    "mAP50": 0.0,
    "mAP50_95": 0.0,
    "precision": 0.0,
    "recall": 0.0,
    "f1": 0.0
  },
  "rot_135": {
    "condition": "rot_135",
    "total_images": 480,
    "mAP50": 0.0,
    "mAP50_95": 0.0,
    "precision": 0.0,
    "recall": 0.0,
    "f1": 0.0
  },
  "rot_180": {
    "condition": "rot_180",
    "total_images": 480,
    "mAP50": 0.5573539591906816,
    "mAP50_95": 0.4473295808977091,
    "precision": 0.9573170731707317,
    "recall": 0.15347018572825025,
    "f1": 0.2645324323278653
  },
  "rot_225": {
    "condition": "rot_225",
    "total_images": 480,
    "mAP50": 0.0,
    "mAP50_95": 0.0,
    "precision": 0.0,
    "recall": 0.0,
    "f1": 0.0
  },
  "rot_270": {
    "condition": "rot_270",
    "total_images": 480,
    "mAP50": 0.0,
    "mAP50_95": 0.0,
    "precision": 0.0,
    "recall": 0.0,
    "f1": 0.0
  },
  "rot_315": {
    "condition": "rot_315",
    "total_images": 480,
    "mAP50": 0.0,
    "mAP50_95": 0.0,
    "precision": 0.0,
    "recall": 0.0,
    "f1": 0.0
  },
  "persp_squeeze_0.1": {
    "condition": "persp_squeeze_0.1",
    "total_images": 480,
    "mAP50": 0.8098380078137508,
    "mAP50_95": 0.550289063250898,
    "precision": 0.9190404797601199,
    "recall": 0.6714129244249726,
    "f1": 0.7759493622098141
  },
  "persp_squeeze_0.2": {
    "condition": "persp_squeeze_0.2",
    "total_images": 480,
    "mAP50": 0.7270553173631596,
    "mAP50_95": 0.4697930596130755,
    "precision": 0.8740458015267175,
    "recall": 0.5558252427184466,
    "f1": 0.6795252177995756
  },
  "persp_squeeze_0.3": {
    "condition": "persp_squeeze_0.3",
    "total_images": 480,
    "mAP50": 0.7194543227804687,
    "mAP50_95": 0.46243882542853526,
    "precision": 0.8707627118644068,
    "recall": 0.527599486521181,
    "f1": 0.6570743358286929
  },
  "shear_x_-20": {
    "condition": "shear_x_-20",
    "total_images": 480,
    "mAP50": 0.6673811329623215,
    "mAP50_95": 0.4115524877711626,
    "precision": 0.9212962962962963,
    "recall": 0.3956262425447316,
    "f1": 0.5535465882862344
  },
  "shear_x_-10": {
    "condition": "shear_x_-10",
    "total_images": 480,
    "mAP50": 0.7879560916776579,
    "mAP50_95": 0.5271279650706244,
    "precision": 0.9329359165424739,
    "recall": 0.6143277723258096,
    "f1": 0.7408283975788734
  },
  "shear_x_+10": {
    "condition": "shear_x_+10",
    "total_images": 480,
    "mAP50": 0.7623391368909507,
    "mAP50_95": 0.48011564699444637,
    "precision": 0.848103229267056,
    "recall": 0.6450980392156863,
    "f1": 0.7328010471683946
  },
  "shear_x_+20": {
    "condition": "shear_x_+20",
    "total_images": 480,
    "mAP50": 0.592014128435849,
    "mAP50_95": 0.31224985891296236,
    "precision": 0.7692307692307693,
    "recall": 0.44160942100098133,
    "f1": 0.5610972522239057
  },
  "brightness_0.6": {
    "condition": "brightness_0.6",
    "total_images": 495,
    "mAP50": 0.676500458402974,
    "mAP50_95": 0.4622343280129263,
    "precision": 0.888671875,
    "recall": 0.43333333333333335,
    "f1": 0.5825864232500112
  },
  "brightness_0.8": {
    "condition": "brightness_0.8",
    "total_images": 495,
    "mAP50": 0.8151058342340102,
    "mAP50_95": 0.6516929061693147,
    "precision": 0.934228187919463,
    "recall": 0.6628571428571428,
    "f1": 0.7754874603254164
  },
  "brightness_1.2": {
    "condition": "brightness_1.2",
    "total_images": 495,
    "mAP50": 0.8249204250818831,
    "mAP50_95": 0.6840249824764114,
    "precision": 0.9344692005242464,
    "recall": 0.679047619047619,
    "f1": 0.7865416388097971
  },
  "brightness_1.4": {
    "condition": "brightness_1.4",
    "total_images": 495,
    "mAP50": 0.7717335336202267,
    "mAP50_95": 0.6523430901053725,
    "precision": 0.9274924471299094,
    "recall": 0.5847619047619048,
    "f1": 0.7172897148829867
  },
  "contrast_0.6": {
    "condition": "contrast_0.6",
    "total_images": 495,
    "mAP50": 0.8533610674373565,
    "mAP50_95": 0.6917024708209413,
    "precision": 0.9303721488595438,
    "recall": 0.7380952380952381,
    "f1": 0.8231545356930627
  },
  "contrast_0.8": {
    "condition": "contrast_0.8",
    "total_images": 495,
    "mAP50": 0.8552860350395455,
    "mAP50_95": 0.6966454911422449,
    "precision": 0.9393203883495146,
    "recall": 0.7371428571428571,
    "f1": 0.8260405500353657
  },
  "contrast_1.2": {
    "condition": "contrast_1.2",
    "total_images": 495,
    "mAP50": 0.8440144416606389,
    "mAP50_95": 0.6872809396831808,
    "precision": 0.9399249061326659,
    "recall": 0.7152380952380952,
    "f1": 0.8123309848163143
  },
  "contrast_1.4": {
    "condition": "contrast_1.4",
    "total_images": 495,
    "mAP50": 0.8194320333490593,
    "mAP50_95": 0.6690523052310614,
    "precision": 0.9302631578947368,
    "recall": 0.6733333333333333,
    "f1": 0.7812154647416135
  }
}