{
  "config": {
    "data_root": "/Users/nikitamasch/Downloads/merged/texture_data_final",
    "out": "/Users/nikitamasch/Downloads/merged/thesisModels/ThesisRUNSFinal/02_class_weighted",
    "device": "mps",
    "epochs": 10,
    "batch_size": 32,
    "lr": 0.001,
    "weight_decay": 0.01,
    "num_workers": 6,
    "seed": 42,
    "aug": false,
    "balanced_sampling": false,
    "class_weighted_loss": true,
    "weight_scheme": "inv",
    "cb_beta": 0.9999
  },
  "classes": [
    "asphalt",
    "cobblestone",
    "gravel",
    "sand"
  ],
  "train_class_counts": [
    245780.0,
    4185.0,
    85083.0,
    84949.0
  ],
  "epochs": [
    {
      "epoch": 1,
      "train_loss": 0.2593247908068654,
      "val": {
        "precision_macro": 0.8196458641386073,
        "recall_macro": 0.9108596103020543,
        "f1_macro": 0.8511753153790875,
        "per_class_precision": [
          0.9607907204705114,
          0.5995397008055235,
          0.8981279930343927,
          0.8201250422440014
        ],
        "per_class_recall": [
          0.9571316971551331,
          0.9961759082217974,
          0.7759285378467324,
          0.9142022979845545
        ],
        "per_class_f1": [
          0.9589577184600584,
          0.7485632183908046,
          0.8325682288251022,
          0.8646120958403848
        ],
        "confusion_matrix": [
          [
            29405,
            347,
            430,
            540
          ],
          [
            2,
            521,
            0,
            0
          ],
          [
            794,
            0,
            8252,
            1589
          ],
          [
            404,
            1,
            506,
            9707
          ]
        ],
        "true_hist": [
          30722,
          523,
          10635,
          10618
        ],
        "pred_hist": [
          30605,
          869,
          9188,
          11836
        ],
        "num_samples": 52498
      },
      "lr": 0.0009755282581475768,
      "time_s": 650.9591660499573
    },
    {
      "epoch": 2,
      "train_loss": 0.20030215589228265,
      "val": {
        "precision_macro": 0.9241881168671527,
        "recall_macro": 0.9372233579407296,
        "f1_macro": 0.9304198594910598,
        "per_class_precision": [
          0.9745859602129814,
          0.9509090909090909,
          0.8910977501939488,
          0.88015966615259
        ],
        "per_class_recall": [
          0.9711281817590001,
          1.0,
          0.864033850493653,
          0.9137313995102656
        ],
        "per_class_f1": [
          0.9728539985326485,
          0.9748369058713886,
          0.8773571394471762,
          0.8966313941130262
        ],
        "confusion_matrix": [
          [
            29835,
            27,
            383,
            477
          ],
          [
            0,
            523,
            0,
            0
          ],
          [
            602,
            0,
            9189,
            844
          ],
          [
            176,
            0,
            740,
            9702
          ]
        ],
        "true_hist": [
          30722,
          523,
          10635,
          10618
        ],
        "pred_hist": [
          30613,
          550,
          10312,
          11023
        ],
        "num_samples": 52498
      },
      "lr": 0.0009045084971874736,
      "time_s": 650.3677380084991
    },
    {
      "epoch": 3,
      "train_loss": 0.1808214290627809,
      "val": {
        "precision_macro": 0.9396281176212429,
        "recall_macro": 0.9518599338146527,
        "f1_macro": 0.9454423673425402,
        "per_class_precision": [
          0.9918237112374115,
          0.9793621013133208,
          0.8706441393875396,
          0.9166825185466997
        ],
        "per_class_recall": [
          0.9713234815441703,
          0.9980879541108987,
          0.9303244005641749,
          0.9077038990393671
        ],
        "per_class_f1": [
          0.9814665592264303,
          0.9886363636363636,
          0.8994954316105277,
          0.9121711148968389
        ],
        "confusion_matrix": [
          [
            29841,
            11,
            600,
            270
          ],
          [
            1,
            522,
            0,
            0
          ],
          [
            135,
            0,
            9894,
            606
          ],
          [
            110,
            0,
            870,
            9638
          ]
        ],
        "true_hist": [
          30722,
          523,
          10635,
          10618
        ],
        "pred_hist": [
          30087,
          533,
          11364,
          10514
        ],
        "num_samples": 52498
      },
      "lr": 0.0007938926261462366,
      "time_s": 650.7680530548096
    },
    {
      "epoch": 4,
      "train_loss": 0.16209898981914966,
      "val": {
        "precision_macro": 0.9452901789236243,
        "recall_macro": 0.9523075746717737,
        "f1_macro": 0.9486313381670634,
        "per_class_precision": [
          0.9904787093361545,
          0.9961904761904762,
          0.9031463229719484,
          0.8913452071959187
        ],
        "per_class_recall": [
          0.97519692728338,
          1.0,
          0.8960977903149977,
          0.9379355810887172
        ],
        "per_class_f1": [
          0.9827784156142365,
          0.9980916030534351,
          0.8996082503421909,
          0.914047083658391
        ],
        "confusion_matrix": [
          [
            29960,
            2,
            507,
            253
          ],
          [
            0,
            523,
            0,
            0
          ],
          [
            144,
            0,
            9530,
            961
          ],
          [
            144,
            0,
            515,
            9959
          ]
        ],
        "true_hist": [
          30722,
          523,
          10635,
          10618
        ],
        "pred_hist": [
          30248,
          525,
          10552,
          11173
        ],
        "num_samples": 52498
      },
      "lr": 0.0006545084971874737,
      "time_s": 651.5467109680176
    },
    {
      "epoch": 5,
      "train_loss": 0.1435606414827946,
      "val": {
        "precision_macro": 0.9435318125364238,
        "recall_macro": 0.9510440900832824,
        "f1_macro": 0.9468454828448066,
        "per_class_precision": [
          0.9914292332638406,
          0.9942965779467681,
          0.9077537502435223,
          0.8806476886915644
        ],
        "per_class_recall": [
          0.97519692728338,
          1.0,
          0.8762576398683591,
          0.95272179318139
        ],
        "per_class_f1": [
          0.983246090480957,
          0.9971401334604385,
          0.8917276685326061,
          0.915268038905225
        ],
        "confusion_matrix": [
          [
            29960,
            3,
            564,
            195
          ],
          [
            0,
            523,
            0,
            0
          ],
          [
            140,
            0,
            9319,
            1176
          ],
          [
            119,
            0,
            383,
            10116
          ]
        ],
        "true_hist": [
          30722,
          523,
          10635,
          10618
        ],
        "pred_hist": [
          30219,
          526,
          10266,
          11487
        ],
        "num_samples": 52498
      },
      "lr": 0.0005,
      "time_s": 652.2833261489868
    },
    {
      "epoch": 6,
      "train_loss": 0.1253321252619739,
      "val": {
        "precision_macro": 0.9347960508109885,
        "recall_macro": 0.9499562235572203,
        "f1_macro": 0.9412501267626712,
        "per_class_precision": [
          0.9915285451197053,
          0.9757462686567164,
          0.920778318276581,
          0.8511310711909514
        ],