{
  "args": {
    "data_root": "/Users/nikitamasch/Downloads/merged/texture_data_final",
    "out": "/Users/nikitamasch/Downloads/merged/thesisModels/ThesisRUNSFinal/03_robust_augmentation",
    "epochs": 10,
    "batch_size": 32,
    "lr": 0.001,
    "weight_decay": 0.01,
    "num_workers": 6,
    "seed": 42,
    "device": "mps",
    "mode": "rotation_perspective",
    "class_weighted_loss": false,
    "weight_scheme": "inv",
    "cb_beta": 0.9999
  },
  "classes": [
    "asphalt",
    "cobblestone",
    "gravel",
    "sand"
  ],
  "train_class_counts": [
    245780.0,
    4185.0,
    85083.0,
    84949.0
  ],
  "augmentation": "robust",
  "train_history": [
    {
      "epoch": 1,
      "train_loss": 0.21634531129564305,
      "val_precision_macro": 0.918908060688657,
      "val_recall_macro": 0.9172565853310808,
      "val_f1_macro": 0.9160965594234922,
      "val_per_class_f1": [
        0.9633841478358904,
        0.9913544668587896,
        0.8316116738541771,
        0.8780359491451117
      ],
      "val_true_hist": [
        30722,
        523,
        10635,
        10618
      ],
      "val_pred_hist": [
        30481,
        518,
        9307,
        12192
      ],
      "lr": 0.001,
      "epoch_time_sec": 657.4033672809601
    },
    {
      "epoch": 2,
      "train_loss": 0.17008819839889733,
      "val_precision_macro": 0.8843224415179081,
      "val_recall_macro": 0.8922346391027683,
      "val_f1_macro": 0.8802063315170654,
      "val_per_class_f1": [
        0.9507554998825648,
        0.8946015424164524,
        0.7914893617021277,
        0.8839789220671166
      ],
      "val_true_hist": [
        30722,
        523,
        10635,
        10618
      ],
      "val_pred_hist": [
        33143,
        644,
        7695,
        11016
      ],
      "lr": 0.0009755282581475768,
      "epoch_time_sec": 657.4688439369202
    },
    {
      "epoch": 3,
      "train_loss": 0.1533575102916661,
      "val_precision_macro": 0.9479060060636572,
      "val_recall_macro": 0.936942953073208,
      "val_f1_macro": 0.9421267730729779,
      "val_per_class_f1": [
        0.982160170641846,
        0.9903474903474904,
        0.8956056730992792,
        0.9003937582032959
      ],
      "val_true_hist": [
        30722,
        523,
        10635,
        10618
      ],
      "val_pred_hist": [
        31162,
        513,
        10870,
        9953
      ],
      "lr": 0.0009045084971874736,
      "epoch_time_sec": 658.3740749359131
    },
    {
      "epoch": 4,
      "train_loss": 0.1399696264408883,
      "val_precision_macro": 0.9345331780143942,
      "val_recall_macro": 0.9283932726404942,
      "val_f1_macro": 0.9276370480338079,
      "val_per_class_f1": [
        0.9800578081351224,
        0.983947119924457,
        0.8539501853689102,
        0.8925930787067419
      ],
      "val_true_hist": [
        30722,
        523,
        10635,
        10618
      ],
      "val_pred_hist": [
        31207,
        536,
        8516,
        12239
      ],
      "lr": 0.0007938926261462366,
      "epoch_time_sec": 659.3334369659424
    },
    {
      "epoch": 5,
      "train_loss": 0.1276035046366579,
      "val_precision_macro": 0.9423445576130269,
      "val_recall_macro": 0.9369025119149228,
      "val_f1_macro": 0.9380208037614249,
      "val_per_class_f1": [
        0.9789833349450408,
        0.9858088930936613,
        0.8820440315087861,
        0.9052469554982118
      ],
      "val_true_hist": [
        30722,
        523,
        10635,
        10618
      ],
      "val_pred_hist": [
        31324,
        534,
        9169,
        11471
      ],
      "lr": 0.0006545084971874737,
      "epoch_time_sec": 660.558632850647
    },
    {
      "epoch": 6,
      "train_loss": 0.11569027250201329,
      "val_precision_macro": 0.9400424226677674,
      "val_recall_macro": 0.932819851855859,
      "val_f1_macro": 0.9329341138471239,
      "val_per_class_f1": [
        0.9818434400542758,
        0.9876777251184834,
        0.8628734736295142,
        0.899341816586222
      ],
      "val_true_hist": [
        30722,
        523,
        10635,
        10618
      ],
      "val_pred_hist": [
        31184,
        532,
        8610,
        12172
      ],
      "lr": 0.0005,
      "epoch_time_sec": 661.129114151001
    },
    {
      "epoch": 7,
      "train_loss": 0.10389050355901588,
      "val_precision_macro": 0.9544655545118219,
      "val_recall_macro": 0.9457711905246784,
      "val_f1_macro": 0.9497478019569155,
      "val_per_class_f1": [
        0.983701604071378,
        0.9952244508118434,
        0.8980030271959377,
        0.922062125748503
      ],
      "val_true_hist": [
        30722,
        523,
        10635,
        10618
      ],
      "val_pred_hist": [
        31370,
        524,
        9846,
        10758
      ],
      "lr": 0.00034549150281252633,
      "epoch_time_sec": 661.3753719329834
    },
    {
      "epoch": 8,
      "train_loss": 0.09152576333026703,
      "val_precision_macro": 0.9564433850358895,
      "val_recall_macro": 0.9456570037329136,
      "val_f1_macro": 0.9505000755394234,
      "val_per_class_f1": [
        0.9820409344502147,
        0.9961759082217974,
        0.8959984249643156,
        0.927785034521366
      ],
      "val_true_hist": [
        30722,
        523,
        10635,
        10618
      ],
      "val_pred_hist": [
        31475,
        523,
        9682,
        10818
      ],
      "lr": 0.0002061073738537635,
      "epoch_time_sec": 661.3413660526276
    },
    {
      "epoch": 9,
      "train_loss": 0.08270927905001005,
      "val_precision_macro": 0.9586684937329508,
      "val_recall_macro": 0.9507174102438831,
      "val_f1_macro": 0.954160017022009,
      "val_per_class_f1": [
        0.985179457439268,
        0.9933269780743565,
        0.9073218673218674,
        0.930811765252544
      ],
      "val_true_hist": [
        30722,
        523,
        10635,
        10618
      ],
      "val_pred_hist": [
        31354,
        526,
        9715,
        10903
      ],
      "lr": 9.549150281252634e-05,
      "epoch_time_sec": 661.6654629707336
    },
    {
      "epoch": 10,
      "train_loss": 0.07696548074808919,
      "val_precision_macro": 0.9624233084471239,
      "val_recall_macro": 0.957833147522444,
      "val_f1_macro": 0.9598747552161508,
      "val_per_class_f1": [
        0.9892587919376233,
        0.9942748091603053,
        0.9207517922883163,
        0.935213627478358
      ],
      "val_true_hist": [
        30722,
        523,
        10635,
        10618
      ],
      "val_pred_hist": [
        31096,
        525,
        10009,
        10868
      ],
      "lr": 2.4471741852423235e-05,
      "epoch_time_sec": 660.4439449310303
    }
  ],
  "test": {
    "precision_macro": 0.9622108562740481,
    "recall_macro": 0.9573385247030711,
    "f1_macro": 0.9594847470828769,
    "per_class_precision": [
      0.9846064665722015,
      0.9961832061068703,
      0.9469097465691676,
      0.9211440058479532
    ],
    "per_class_recall": [
      0.9951502131953259,
      0.9961832061068703,
      0.8887739751786385,
      0.9492467043314501
    ],
    "per_class_f1": [
      0.9898502630513962,
      0.9961832061068703,
      0.9169212861923469,
      0.9349842329808941
    ],
    "true_hist": [
      30723,
      524,
      10636,
      10620
    ],
    "pred_hist": [
      31052,
      524,
      9983,
      10944
    ]
  },
  "best_val_f1": 0.9598747552161508,
  "best_epoch": 10,
  "training_duration_seconds": 6716,
  "training_duration_source": "training_session_20260212_214335.log"
}