{
  "clean": {
    "condition": "clean",
    "total_images": 495,
    "mAP50": 0.7953623015888874,
    "mAP50_95": 0.5794577820024747,
    "precision": 0.9358974358974359,
    "recall": 0.6257142857142857,
    "f1": 0.7499999951972697
  },
  "rot_45": {
    "condition": "rot_45",
    "total_images": 480,
    "mAP50": 0.5853259861104212,
    "mAP50_95": 0.40891845482273864,
    "precision": 0.8591954022988506,
    "recall": 0.29227761485826004,
    "f1": 0.4361779684950053
  },
  "rot_90": {
    "condition": "rot_90",
    "total_images": 480,
    "mAP50": 0.4337767991651127,
    "mAP50_95": 0.1834593230585297,
    "precision": 0.6975806451612904,
    "recall": 0.16911045943304007,
    "f1": 0.2722265900926868
  },
  "rot_135": {
    "condition": "rot_135",
    "total_images": 480,
    "mAP50": 0.6101197583742989,
    "mAP50_95": 0.3962069162821593,
    "precision": 0.871536523929471,
    "recall": 0.33822091886608013,
    "f1": 0.48732393963369375
  },
  "rot_180": {
    "condition": "rot_180",
    "total_images": 480,
    "mAP50": 0.7808930112408626,
    "mAP50_95": 0.5749243785146402,
    "precision": 0.9241071428571429,
    "recall": 0.6070381231671554,
    "f1": 0.7327433580462683
  },
  "rot_225": {
    "condition": "rot_225",
    "total_images": 480,
    "mAP50": 0.5547325190773067,
    "mAP50_95": 0.3816548389314807,
    "precision": 0.8291925465838509,
    "recall": 0.26099706744868034,
    "f1": 0.3970260186630257
  },
  "rot_270": {
    "condition": "rot_270",
    "total_images": 480,
    "mAP50": 0.49936425253423106,
    "mAP50_95": 0.1901947670465969,
    "precision": 0.744807121661721,
    "recall": 0.24535679374389052,
    "f1": 0.3691176433309797
  },
  "rot_315": {
    "condition": "rot_315",
    "total_images": 480,
    "mAP50": 0.5767567751087512,
    "mAP50_95": 0.3628867764320133,
    "precision": 0.8476454293628809,
    "recall": 0.2991202346041056,
    "f1": 0.44219652793587544
  },
  "persp_squeeze_0.1": {
    "condition": "persp_squeeze_0.1",
    "total_images": 480,
    "mAP50": 0.7856913922743081,
    "mAP50_95": 0.5550045311585169,
    "precision": 0.9201954397394136,
    "recall": 0.6174863387978142,
    "f1": 0.739045122728107
  },
  "persp_squeeze_0.2": {
    "condition": "persp_squeeze_0.2",
    "total_images": 480,
    "mAP50": 0.741822802379437,
    "mAP50_95": 0.5073645399896048,
    "precision": 0.8895463510848126,
    "recall": 0.5574783683559951,
    "f1": 0.6854103296098175
  },
  "persp_squeeze_0.3": {
    "condition": "persp_squeeze_0.3",
    "total_images": 480,
    "mAP50": 0.7247029180220665,
    "mAP50_95": 0.4948228551582853,
    "precision": 0.9,
    "recall": 0.5201005025125628,
    "f1": 0.6592356641476328
  },
  "shear_x_-20": {
    "condition": "shear_x_-20",
    "total_images": 480,
    "mAP50": 0.7730497620926378,
    "mAP50_95": 0.5949862462130481,
    "precision": 0.9404186795491143,
    "recall": 0.5805168986083499,
    "f1": 0.7178856744440788
  },
  "shear_x_-10": {
    "condition": "shear_x_-10",
    "total_images": 480,
    "mAP50": 0.7779572292239479,
    "mAP50_95": 0.5779254929591644,
    "precision": 0.9216867469879518,
    "recall": 0.6005888125613347,
    "f1": 0.7272727224951907
  },
  "shear_x_+10": {
    "condition": "shear_x_+10",
    "total_images": 480,
    "mAP50": 0.7506256106028899,
    "mAP50_95": 0.5283402090576919,
    "precision": 0.8651026392961877,
    "recall": 0.5784313725490197,
    "f1": 0.6933019928470137
  },
  "shear_x_+20": {
    "condition": "shear_x_+20",
    "total_images": 480,
    "mAP50": 0.7494834884899524,
    "mAP50_95": 0.5549609190978239,
    "precision": 0.8793363499245852,
    "recall": 0.5721295387634936,
    "f1": 0.6932223495640559
  },
  "brightness_0.6": {
    "condition": "brightness_0.6",
    "total_images": 495,
    "mAP50": 0.63527263540013,
    "mAP50_95": 0.3913636230274732,
    "precision": 0.8641600198300194,
    "recall": 0.38857142857142857,
    "f1": 0.5360891852243383
  },
  "brightness_0.8": {
    "condition": "brightness_0.8",
    "total_images": 495,
    "mAP50": 0.7451880012400365,
    "mAP50_95": 0.5117161414936211,
    "precision": 0.8695652173913043,
    "recall": 0.5714285714285714,
    "f1": 0.689655167627824
  },
  "brightness_1.2": {
    "condition": "brightness_1.2",
    "total_images": 495,
    "mAP50": 0.7733680636966535,
    "mAP50_95": 0.5744899520046534,
    "precision": 0.9513343799058085,
    "recall": 0.5771428571428572,
    "f1": 0.718435087178743
  },
  "brightness_1.4": {
    "condition": "brightness_1.4",
    "total_images": 495,
    "mAP50": 0.7091488243495526,
    "mAP50_95": 0.5271071978905677,
    "precision": 0.9328214971209213,
    "recall": 0.46285714285714286,
    "f1": 0.6187141903473242
  },
  "contrast_0.6": {
    "condition": "contrast_0.6",
    "total_images": 495,
    "mAP50": 0.7826724960724609,
    "mAP50_95": 0.5662811627274512,
    "precision": 0.9234104046242775,
    "recall": 0.6085714285714285,
    "f1": 0.7336394900446984
  },
  "contrast_0.8": {
    "condition": "contrast_0.8",
    "total_images": 495,
    "mAP50": 0.7910482157447929,
    "mAP50_95": 0.5754850215638025,
    "precision": 0.9324712643678161,
    "recall": 0.6180952380952381,
    "f1": 0.7434135118149291
  },
  "contrast_1.2": {
    "condition": "contrast_1.2",
    "total_images": 495,
    "mAP50": 0.7905445501457549,
    "mAP50_95": 0.5749802603597959,
    "precision": 0.9298998569384835,
    "recall": 0.6190476190476191,
    "f1": 0.7432818705587217
  },
  "contrast_1.4": {
    "condition": "contrast_1.4",
    "total_images": 495,
    "mAP50": 0.774522599209739,
    "mAP50_95": 0.5624191175397864,
    "precision": 0.9152046783625731,
    "recall": 0.5961904761904762,
    "f1": 0.722029983688733
  }
}